"category","subcategory","ID","Description","GeneRatio","BgRatio","pvalue","p.adjust","qvalue","geneID","Count"
"Organismal Systems","Circulatory system","hsa04270","Vascular smooth muscle contraction","7/101","134/9397",0.000578928615587417,0.0987646236097324,0.0919155747169861,"108/133/3708/3778/3779/5321/10268",7
NA,NA,"hsa04820","Cytoskeleton in muscle cells","9/101","232/9397",0.0008477650095256,0.0987646236097324,0.0919155747169861,"1287/1756/1832/2192/2318/11155/27295/6442/161176",9
"Organismal Systems","Endocrine system","hsa04912","GnRH signaling pathway","5/101","93/9397",0.00319691076955813,0.226287071569943,0.210594699541036,"108/1958/3708/3725/5321",5
"Human Diseases","Endocrine and metabolic disease","hsa04933","AGE-RAGE signaling pathway in diabetic complications","5/101","101/9397",0.00455521707107494,0.226287071569943,0.210594699541036,"1287/1958/3725/50507/6401",5
"Human Diseases","Cardiovascular disease","hsa05414","Dilated cardiomyopathy","5/101","105/9397",0.00536956535788011,0.226287071569943,0.210594699541036,"108/783/1756/5350/6442",5
"Human Diseases","Cancer: overview","hsa05202","Transcriptional misregulation in cancer","7/101","201/9397",0.00582713489021313,0.226287071569943,0.210594699541036,"2321/3087/3207/4286/8842/7704/6935",7
"Environmental Information Processing","Signal transduction","hsa04022","cGMP-PKG signaling pathway","6/101","166/9397",0.00884698915474975,0.294478353293813,0.274057107650894,"108/152/3708/3778/3779/5350",6
"Organismal Systems","Endocrine system","hsa04911","Insulin secretion","4/101","86/9397",0.0136299155477085,0.347302903283518,0.323218423656673,"108/3778/3779/3782",4
"Human Diseases","Cardiovascular disease","hsa05412","Arrhythmogenic right ventricular cardiomyopathy","4/101","86/9397",0.0136299155477085,0.347302903283518,0.323218423656673,"783/1756/1832/6442",4
"Cellular Processes","Cell growth and death","hsa04210","Apoptosis","5/101","137/9397",0.0158926926596373,0.347302903283518,0.323218423656673,"8837/3708/3725/5366/8743",5
"Human Diseases","Infectious disease: parasitic","hsa05144","Malaria","3/101","50/9397",0.0163962744039429,0.347302903283518,0.323218423656673,"2532/3043/6401",3
"Organismal Systems","Sensory system","hsa04750","Inflammatory mediator regulation of TRP channels","4/101","99/9397",0.021752001002859,0.395356451474837,0.367939593421353,"108/3708/5321/5732",4
"Metabolism","Global and overview maps","hsa01212","Fatty acid metabolism","3/101","57/9397",0.0231977461125417,0.395356451474837,0.367939593421353,"51703/9200/6319",3
"Organismal Systems","Endocrine system","hsa04921","Oxytocin signaling pathway","5/101","155/9397",0.0255841590632371,0.395356451474837,0.367939593421353,"108/783/3708/3725/5321",5
"Environmental Information Processing","Signaling molecules and interaction","hsa04514","Cell adhesion molecules","5/101","160/9397",0.0288263593225336,0.395356451474837,0.367939593421353,"23705/7122/3113/9369/6401",5
"Organismal Systems","Endocrine system","hsa04929","GnRH secretion","3/101","65/9397",0.0325768027894399,0.395356451474837,0.367939593421353,"3708/3782/7223",3
"Human Diseases","Infectious disease: viral","hsa05166","Human T-cell leukemia virus 1 infection","6/101","224/9397",0.033417757636095,0.395356451474837,0.367939593421353,"108/701/1958/3113/3725/9232",6
"Metabolism","Lipid metabolism","hsa01040","Biosynthesis of unsaturated fatty acids","2/101","27/9397",0.0337214861683728,0.395356451474837,0.367939593421353,"9200/6319",2
"Organismal Systems","Endocrine system","hsa04928","Parathyroid hormone synthesis, secretion and action","4/101","115/9397",0.0351256227385717,0.395356451474837,0.367939593421353,"108/1958/3708/9365",4
"Organismal Systems","Nervous system","hsa04724","Glutamatergic synapse","4/101","116/9397",0.0360896531471035,0.395356451474837,0.367939593421353,"108/3708/5321/6505",4
"Metabolism","Metabolism of cofactors and vitamins","hsa00830","Retinol metabolism","3/101","68/9397",0.0365322444294721,0.395356451474837,0.367939593421353,"216/220/8630",3
"Organismal Systems","Endocrine system","hsa04924","Renin secretion","3/101","69/9397",0.037903245659517,0.395356451474837,0.367939593421353,"3708/3778/5732",3
"Human Diseases","Cardiovascular disease","hsa05416","Viral myocarditis","3/101","70/9397",0.0393003385932915,0.395356451474837,0.367939593421353,"1756/3113/6442",3
"Human Diseases","Cancer: overview","hsa05230","Central carbon metabolism in cancer","3/101","71/9397",0.0407234113107128,0.395356451474837,0.367939593421353,"3418/4916/9123",3
"Human Diseases","Immune disease","hsa05310","Asthma","2/101","32/9397",0.0460378397423532,0.416156016229101,0.387296766854279,"3113/2206",2
"Organismal Systems","Endocrine system","hsa04918","Thyroid hormone synthesis","3/101","75/9397",0.0466730267406724,0.416156016229101,0.387296766854279,"108/2878/3708",3
"Organismal Systems","Endocrine system","hsa03320","PPAR signaling pathway","3/101","76/9397",0.0482240877175353,0.416156016229101,0.387296766854279,"51703/6319/10580",3
"Human Diseases","Infectious disease: parasitic","hsa05143","African trypanosomiasis","2/101","37/9397",0.0597319042967489,0.495514633890123,0.461152087559817,"3043/6401",2
"Cellular Processes","Cell growth and death","hsa04114","Oocyte meiosis","4/101","139/9397",0.0624716175585754,0.495514633890123,0.461152087559817,"108/891/3708/9232",4
"Environmental Information Processing","Signal transduction","hsa04371","Apelin signaling pathway","4/101","140/9397",0.0638001674536639,0.495514633890123,0.461152087559817,"108/1490/1958/3708",4
"Organismal Systems","Development and regeneration","hsa04380","Osteoclast differentiation","4/101","143/9397",0.067874827643346,0.500601940189495,0.465886603474298,"3708/3725/4286/4982",4
"Organismal Systems","Immune system","hsa04610","Complement and coagulation cascades","3/101","88/9397",0.0687521977942654,0.500601940189495,0.465886603474298,"3075/3426/2157",3
"Human Diseases","Endocrine and metabolic disease","hsa04940","Type I diabetes mellitus","2/101","44/9397",0.080885801036351,0.546058648601944,0.50819101699571,"1363/3113",2
"Human Diseases","Immune disease","hsa05323","Rheumatoid arthritis","3/101","95/9397",0.0822765229205676,0.546058648601944,0.50819101699571,"2321/3113/3725",3
"Organismal Systems","Circulatory system","hsa04261","Adrenergic signaling in cardiomyocytes","4/101","154/9397",0.0839370047911768,0.546058648601944,0.50819101699571,"108/186/783/5350",4
"Organismal Systems","Digestive system","hsa04970","Salivary secretion","3/101","97/9397",0.0863371646949403,0.546058648601944,0.50819101699571,"108/3708/3778",3
NA,NA,"hsa04081","Hormone signaling","5/101","219/9397",0.0867131759582485,0.546058648601944,0.50819101699571,"108/152/186/5617/10268",5
"Human Diseases","Cardiovascular disease","hsa05410","Hypertrophic cardiomyopathy","3/101","99/9397",0.090481835038195,0.550404417338496,0.512235418891937,"783/1756/6442",3
"Environmental Information Processing","Signaling molecules and interaction","hsa04061","Viral protein interaction with cytokine and cytokine receptor","3/101","100/9397",0.0925850957099006,0.550404417338496,0.512235418891937,"6366/10563/8743",3
"Environmental Information Processing","Signal transduction","hsa04024","cAMP signaling pathway","5/101","226/9397",0.0959978076006077,0.550404417338496,0.512235418891937,"108/3725/5350/5732/7074",5
"Human Diseases","Infectious disease: bacterial","hsa05150","Staphylococcus aureus infection","3/101","102/9397",0.0968522794458298,0.550404417338496,0.512235418891937,"3075/3426/3113",3
"Metabolism","Lipid metabolism","hsa00565","Ether lipid metabolism","2/101","50/9397",0.100562121275914,0.557880339459235,0.51919290683805,"5168/5321",2
"Organismal Systems","Digestive system","hsa04972","Pancreatic secretion","3/101","106/9397",0.10562252547314,0.568685671400122,0.529248919396545,"108/3708/3778",3
"Organismal Systems","Endocrine system","hsa04913","Ovarian steroidogenesis","2/101","52/9397",0.107391285586289,0.568685671400122,0.529248919396545,"108/5321",2
"Cellular Processes","Cellular community - eukaryotes","hsa04530","Tight junction","4/101","170/9397",0.110300392969308,0.571110923596642,0.531505987173744,"7122/3725/57826/7074",4
"Metabolism","Nucleotide metabolism","hsa00240","Pyrimidine metabolism","2/101","58/9397",0.128571510800133,0.642526278541851,0.597968888094065,"4830/7298",2
"Metabolism","Metabolism of other amino acids","hsa00480","Glutathione metabolism","2/101","59/9397",0.132192190365444,0.642526278541851,0.597968888094065,"2878/3418",2
"Organismal Systems","Nervous system","hsa04730","Long-term depression","2/101","60/9397",0.135836247742662,0.642526278541851,0.597968888094065,"3708/5321",2
"Environmental Information Processing","Signal transduction","hsa04668","TNF signaling pathway","3/101","119/9397",0.136123890104687,0.642526278541851,0.597968888094065,"8837/3725/6401",3
"Environmental Information Processing","Signal transduction","hsa04020","Calcium signaling pathway","5/101","254/9397",0.137881175652758,0.642526278541851,0.597968888094065,"108/2321/3708/4916/5350",5
"Organismal Systems","Aging","hsa04213","Longevity regulating pathway - multiple species","2/101","62/9397",0.143190884911524,0.654185807536961,0.608819861543321,"108/1410",2
"Organismal Systems","Immune system","hsa04611","Platelet activation","3/101","126/9397",0.153671137964994,0.666103988902868,0.619911550548863,"108/3708/5321",3
"Organismal Systems","Immune system","hsa04062","Chemokine signaling pathway","4/101","193/9397",0.153769808818308,0.666103988902868,0.619911550548863,"108/6366/10563/7074",4
"Organismal Systems","Endocrine system","hsa04927","Cortisol synthesis and secretion","2/101","65/9397",0.154376031762896,0.666103988902868,0.619911550548863,"108/3708",2
"Human Diseases","Immune disease","hsa05321","Inflammatory bowel disease","2/101","66/9397",0.15814187871797,0.669946504387037,0.623487598390466,"3113/3725",2
"Organismal Systems","Endocrine system","hsa04926","Relaxin signaling pathway","3/101","130/9397",0.16400606026701,0.682382357896666,0.635061060432407,"108/1287/3725",3
"Organismal Systems","Immune system","hsa04664","Fc epsilon RI signaling pathway","2/101","69/9397",0.169540446530722,0.685595673842559,0.638051541954222,"2206/5321",2
"Human Diseases","Cancer: overview","hsa05205","Proteoglycans in cancer","4/101","204/9397",0.176555040613889,0.685595673842559,0.638051541954222,"10855/3708/7074/7291",4
"Metabolism","Lipid metabolism","hsa00061","Fatty acid biosynthesis","1/101","18/9397",0.176910493816447,0.685595673842559,0.638051541954222,"51703",1
"Metabolism","Glycan biosynthesis and metabolism","hsa00531","Glycosaminoglycan degradation","1/101","19/9397",0.185774129611792,0.685595673842559,0.638051541954222,"10855",1
"Organismal Systems","Endocrine system","hsa04915","Estrogen signaling pathway","3/101","139/9397",0.187978912749699,0.685595673842559,0.638051541954222,"108/3708/3725",3
"Metabolism","Global and overview maps","hsa01230","Biosynthesis of amino acids","2/101","75/9397",0.192723435087296,0.685595673842559,0.638051541954222,"384/3418",2
"Cellular Processes","Cell growth and death","hsa04115","p53 signaling pathway","2/101","75/9397",0.192723435087296,0.685595673842559,0.638051541954222,"891/5366",2
"Organismal Systems","Digestive system","hsa04971","Gastric acid secretion","2/101","76/9397",0.196628822854047,0.685595673842559,0.638051541954222,"108/3708",2
"Human Diseases","Cardiovascular disease","hsa05417","Lipid and atherosclerosis","4/101","216/9397",0.202638315306307,0.685595673842559,0.638051541954222,"3708/3725/6401/8743",4
"Organismal Systems","Nervous system","hsa04721","Synaptic vesicle cycle","2/101","79/9397",0.208402599258246,0.685595673842559,0.638051541954222,"6505/6857",2
"Human Diseases","Infectious disease: parasitic","hsa05140","Leishmaniasis","2/101","79/9397",0.208402599258246,0.685595673842559,0.638051541954222,"3113/3725",2
"Environmental Information Processing","Signal transduction","hsa04072","Phospholipase D signaling pathway","3/101","149/9397",0.215601199698001,0.685595673842559,0.638051541954222,"108/2206/5321",3
"Environmental Information Processing","Signaling molecules and interaction","hsa04060","Cytokine-cytokine receptor interaction","5/101","298/9397",0.216777195329932,0.685595673842559,0.638051541954222,"6366/10563/5617/4982/8743",5
"Metabolism","Amino acid metabolism","hsa00220","Arginine biosynthesis","1/101","23/9397",0.220293447391965,0.685595673842559,0.638051541954222,"384",1
"Organismal Systems","Endocrine system","hsa04614","Renin-angiotensin system","1/101","23/9397",0.220293447391965,0.685595673842559,0.638051541954222,"186",1
"Cellular Processes","Transport and catabolism","hsa04146","Peroxisome","2/101","83/9397",0.22421164111652,0.685595673842559,0.638051541954222,"51703/3418",2
"Metabolism","Glycan biosynthesis and metabolism","hsa00534","Glycosaminoglycan biosynthesis - heparan sulfate / heparin","1/101","24/9397",0.228694382085096,0.685595673842559,0.638051541954222,"9957",1
"Metabolism","Global and overview maps","hsa01232","Nucleotide metabolism","2/101","85/9397",0.232152689501667,0.685595673842559,0.638051541954222,"4830/7298",2
"Human Diseases","Cancer: specific types","hsa05210","Colorectal cancer","2/101","87/9397",0.240111973733018,0.685595673842559,0.638051541954222,"3725/5366",2
"Cellular Processes","Cell growth and death","hsa04110","Cell cycle","3/101","158/9397",0.241155121275938,0.685595673842559,0.638051541954222,"701/891/9232",3
"Cellular Processes","Cell growth and death","hsa04217","Necroptosis","3/101","159/9397",0.244027243803072,0.685595673842559,0.638051541954222,"8837/5321/8743",3
"Metabolism","Lipid metabolism","hsa00592","alpha-Linolenic acid metabolism","1/101","26/9397",0.245228310984732,0.685595673842559,0.638051541954222,"5321",1
"Human Diseases","Endocrine and metabolic disease","hsa04950","Maturity onset diabetes of the young","1/101","26/9397",0.245228310984732,0.685595673842559,0.638051541954222,"3087",1
"Organismal Systems","Nervous system","hsa04727","GABAergic synapse","2/101","89/9397",0.248085133468478,0.685595673842559,0.638051541954222,"108/5334",2
"Organismal Systems","Aging","hsa04211","Longevity regulating pathway","2/101","90/9397",0.252075601926229,0.685595673842559,0.638051541954222,"108/9365",2
"Environmental Information Processing","Signal transduction","hsa04014","Ras signaling pathway","4/101","238/9397",0.25310067782522,0.685595673842559,0.638051541954222,"2321/5321/10156/7074",4
"Cellular Processes","Cellular community - eukaryotes","hsa04540","Gap junction","2/101","92/9397",0.260061779696157,0.685595673842559,0.638051541954222,"108/3708",2
"Metabolism","Lipid metabolism","hsa00062","Fatty acid elongation","1/101","28/9397",0.261411248406031,0.685595673842559,0.638051541954222,"9200",1
"Organismal Systems","Immune system","hsa04658","Th1 and Th2 cell differentiation","2/101","93/9397",0.264056505618463,0.685595673842559,0.638051541954222,"3113/3725",2
"Human Diseases","Cancer: specific types","hsa05222","Small cell lung cancer","2/101","93/9397",0.264056505618463,0.685595673842559,0.638051541954222,"1164/1287",2
"Metabolism","Carbohydrate metabolism","hsa00020","Citrate cycle (TCA cycle)","1/101","30/9397",0.277250572450108,0.685595673842559,0.638051541954222,"3418",1
"Metabolism","Carbohydrate metabolism","hsa00053","Ascorbate and aldarate metabolism","1/101","30/9397",0.277250572450108,0.685595673842559,0.638051541954222,"9365",1
"Metabolism","Lipid metabolism","hsa00591","Linoleic acid metabolism","1/101","30/9397",0.277250572450108,0.685595673842559,0.638051541954222,"5321",1
"Human Diseases","Drug resistance: antineoplastic","hsa01523","Antifolate resistance","1/101","30/9397",0.277250572450108,0.685595673842559,0.638051541954222,"7298",1
"Organismal Systems","Environmental adaptation","hsa04713","Circadian entrainment","2/101","97/9397",0.280035319520838,0.685595673842559,0.638051541954222,"108/3708",2
"Organismal Systems","Endocrine system","hsa04925","Aldosterone synthesis and secretion","2/101","98/9397",0.284027740494299,0.685595673842559,0.638051541954222,"108/3708",2
NA,NA,"hsa04981","Folate transport and metabolism","1/101","31/9397",0.28504364303648,0.685595673842559,0.638051541954222,"7298",1
"Human Diseases","Drug resistance: antineoplastic","hsa01522","Endocrine resistance","2/101","99/9397",0.288018377720198,0.685595673842559,0.638051541954222,"108/3725",2
"Organismal Systems","Immune system","hsa04666","Fc gamma R-mediated phagocytosis","2/101","99/9397",0.288018377720198,0.685595673842559,0.638051541954222,"4082/5321",2
"Human Diseases","Cancer: overview","hsa05231","Choline metabolism in cancer","2/101","99/9397",0.288018377720198,0.685595673842559,0.638051541954222,"3725/5321",2
"Cellular Processes","Cell growth and death","hsa04215","Apoptosis - multiple species","1/101","32/9397",0.292753507658871,0.685595673842559,0.638051541954222,"5366",1
"Organismal Systems","Endocrine system","hsa04916","Melanogenesis","2/101","101/9397",0.295992633359708,0.685595673842559,0.638051541954222,"108/4286",2
"Metabolism","Global and overview maps","hsa01210","2-Oxocarboxylic acid metabolism","1/101","33/9397",0.300381045910494,0.685595673842559,0.638051541954222,"3418",1
"Metabolism","Lipid metabolism","hsa00564","Glycerophospholipid metabolism","2/101","103/9397",0.30395484081503,0.685595673842559,0.638051541954222,"5321/259230",2
"Human Diseases","Infectious disease: parasitic","hsa05142","Chagas disease","2/101","103/9397",0.30395484081503,0.685595673842559,0.638051541954222,"8837/3725",2
"Human Diseases","Infectious disease: parasitic","hsa05146","Amoebiasis","2/101","103/9397",0.30395484081503,0.685595673842559,0.638051541954222,"384/1287",2
"Environmental Information Processing","Signal transduction","hsa04064","NF-kappa B signaling pathway","2/101","105/9397",0.311901894537816,0.685595673842559,0.638051541954222,"6366/8837",2
"Cellular Processes","Transport and catabolism","hsa04137","Mitophagy - animal","2/101","105/9397",0.311901894537816,0.685595673842559,0.638051541954222,"3725/4286",2
"Organismal Systems","Immune system","hsa04625","C-type lectin receptor signaling pathway","2/101","105/9397",0.311901894537816,0.685595673842559,0.638051541954222,"3708/3725",2
"Organismal Systems","Digestive system","hsa04974","Protein digestion and absorption","2/101","105/9397",0.311901894537816,0.685595673842559,0.638051541954222,"1287/6505",2
"Organismal Systems","Endocrine system","hsa04922","Glucagon signaling pathway","2/101","107/9397",0.319830824651657,0.696364426674243,0.648073512061866,"108/3708",2
"Metabolism","Carbohydrate metabolism","hsa00040","Pentose and glucuronate interconversions","1/101","36/9397",0.322778360861881,0.696364426674243,0.648073512061866,"9365",1
"Organismal Systems","Immune system","hsa04659","Th17 cell differentiation","2/101","109/9397",0.327738792669302,0.700579254054564,0.651996053016671,"3113/3725",2
"Environmental Information Processing","Signal transduction","hsa04350","TGF-beta signaling pathway","2/101","110/9397",0.331684063764254,0.701021114494148,0.652407271677409,"25805/7044",2
"Organismal Systems","Endocrine system","hsa04914","Progesterone-mediated oocyte maturation","2/101","111/9397",0.335623087328065,0.701021114494148,0.652407271677409,"108/891",2
"Metabolism","Metabolism of cofactors and vitamins","hsa00670","One carbon pool by folate","1/101","39/9397",0.344465530897852,0.701021114494148,0.652407271677409,"7298",1
"Human Diseases","Immune disease","hsa05330","Allograft rejection","1/101","39/9397",0.344465530897852,0.701021114494148,0.652407271677409,"3113",1
"Organismal Systems","Nervous system","hsa04726","Serotonergic synapse","2/101","115/9397",0.351310423456557,0.701021114494148,0.652407271677409,"3708/5321",2
"Organismal Systems","Nervous system","hsa04725","Cholinergic synapse","2/101","116/9397",0.355213561197971,0.701021114494148,0.652407271677409,"108/3708",2
NA,NA,"hsa04082","Neuroactive ligand signaling","3/101","199/9397",0.361418668558046,0.701021114494148,0.652407271677409,"108/152/6505",3
"Cellular Processes","Cell growth and death","hsa04216","Ferroptosis","1/101","42/9397",0.365464854292707,0.701021114494148,0.652407271677409,"51703",1
"Environmental Information Processing","Signaling molecules and interaction","hsa04080","Neuroactive ligand-receptor interaction","5/101","370/9397",0.366443144375801,0.701021114494148,0.652407271677409,"133/152/186/5617/5732",5
"Organismal Systems","Nervous system","hsa04722","Neurotrophin signaling pathway","2/101","120/9397",0.37074281522008,0.701021114494148,0.652407271677409,"3725/4916",2
"Metabolism","Lipid metabolism","hsa00071","Fatty acid degradation","1/101","43/9397",0.37231552769906,0.701021114494148,0.652407271677409,"51703",1
"Cellular Processes","Cellular community - eukaryotes","hsa04510","Focal adhesion","3/101","203/9397",0.373179931697484,0.701021114494148,0.652407271677409,"1287/2321/3725",3
"Human Diseases","Infectious disease: bacterial","hsa05130","Pathogenic Escherichia coli infection","3/101","203/9397",0.373179931697484,0.701021114494148,0.652407271677409,"7122/3725/8743",3
"Environmental Information Processing","Signal transduction","hsa04071","Sphingolipid signaling pathway","2/101","122/9397",0.378453752841613,0.701021114494148,0.652407271677409,"2206/259230",2
"Organismal Systems","Endocrine system","hsa04919","Thyroid hormone signaling pathway","2/101","122/9397",0.378453752841613,0.701021114494148,0.652407271677409,"5350/10231",2
"Organismal Systems","Endocrine system","hsa04935","Growth hormone synthesis, secretion and action","2/101","122/9397",0.378453752841613,0.701021114494148,0.652407271677409,"108/3708",2
"Organismal Systems","Excretory system","hsa04962","Vasopressin-regulated water reabsorption","1/101","44/9397",0.379092963202844,0.701021114494148,0.652407271677409,"360",1
"Environmental Information Processing","Membrane transport","hsa02010","ABC transporters","1/101","45/9397",0.385797936015472,0.702272805403164,0.653572161342001,"10351",1
"Human Diseases","Immune disease","hsa05332","Graft-versus-host disease","1/101","45/9397",0.385797936015472,0.702272805403164,0.653572161342001,"3113",1
"Environmental Information Processing","Signal transduction","hsa04015","Rap1 signaling pathway","3/101","212/9397",0.399489094506655,0.709346889512752,0.660155677612952,"108/2321/7074",3
"Metabolism","Nucleotide metabolism","hsa00230","Purine metabolism","2/101","128/9397",0.401348358898742,0.709346889512752,0.660155677612952,"108/4830",2
"Human Diseases","Infectious disease: viral","hsa05170","Human immunodeficiency virus 1 infection","3/101","213/9397",0.402395962125103,0.709346889512752,0.660155677612952,"891/3708/3725",3
"Environmental Information Processing","Signal transduction","hsa04010","MAPK signaling pathway","4/101","300/9397",0.403946522555589,0.709346889512752,0.660155677612952,"783/2321/3725/5321",4
NA,NA,"hsa03272","Virion - Hepatitis viruses","1/101","48/9397",0.405485709073204,0.709346889512752,0.660155677612952,"7122",1
"Human Diseases","Substance dependence","hsa05030","Cocaine addiction","1/101","49/9397",0.411908422024707,0.709346889512752,0.660155677612952,"3725",1
NA,NA,"hsa04382","Cornified envelope formation","3/101","217/9397",0.413984579904794,0.709346889512752,0.660155677612952,"7122/1287/1832",3
"Metabolism","Amino acid metabolism","hsa00330","Arginine and proline metabolism","1/101","50/9397",0.418262428162438,0.709346889512752,0.660155677612952,"384",1
"Organismal Systems","Immune system","hsa04672","Intestinal immune network for IgA production","1/101","50/9397",0.418262428162438,0.709346889512752,0.660155677612952,"3113",1
"Environmental Information Processing","Signal transduction","hsa04068","FoxO signaling pathway","2/101","133/9397",0.420128200655621,0.709346889512752,0.660155677612952,"891/8743",2
"Human Diseases","Infectious disease: bacterial","hsa05110","Vibrio cholerae infection","1/101","51/9397",0.424548455203798,0.711653165917158,0.662302020234626,"11015",1
"Organismal Systems","Excretory system","hsa04961","Endocrine and other factor-regulated calcium reabsorption","1/101","53/9397",0.43691944479284,0.724767378434685,0.674506798995008,"9365",1
"Human Diseases","Infectious disease: viral","hsa05163","Human cytomegalovirus infection","3/101","226/9397",0.439798651528274,0.724767378434685,0.674506798995008,"108/3708/5732",3
"Human Diseases","Immune disease","hsa05320","Autoimmune thyroid disease","1/101","54/9397",0.443005824937952,0.724767378434685,0.674506798995008,"3113",1
"Human Diseases","Cancer: overview","hsa05206","MicroRNAs in cancer","4/101","318/9397",0.447575019890533,0.724767378434685,0.674506798995008,"4082/6659/6935/23414",4
"Metabolism","Lipid metabolism","hsa00600","Sphingolipid metabolism","1/101","55/9397",0.449027061337531,0.724767378434685,0.674506798995008,"259230",1
"Human Diseases","Cardiovascular disease","hsa05418","Fluid shear stress and atherosclerosis","2/101","142/9397",0.453167901603348,0.724767378434685,0.674506798995008,"3725/6401",2
"Environmental Information Processing","Signal transduction","hsa04340","Hedgehog signaling pathway","1/101","56/9397",0.454983844339555,0.724767378434685,0.674506798995008,"23432",1
"Human Diseases","Endocrine and metabolic disease","hsa04936","Alcoholic liver disease","2/101","144/9397",0.460367261838341,0.724767378434685,0.674506798995008,"50507/6319",2
"Human Diseases","Neurodegenerative disease","hsa05017","Spinocerebellar ataxia","2/101","144/9397",0.460367261838341,0.724767378434685,0.674506798995008,"3708/3752",2
"Organismal Systems","Environmental adaptation","hsa04714","Thermogenesis","3/101","235/9397",0.465186118235139,0.727438694958304,0.676992867230226,"51703/108/6595",3
"Organismal Systems","Endocrine system","hsa04923","Regulation of lipolysis in adipocytes","1/101","59/9397",0.472474268250048,0.732999601294784,0.682168140351143,"108",1
"Organismal Systems","Nervous system","hsa04723","Retrograde endocannabinoid signaling","2/101","149/9397",0.478125812466395,0.732999601294784,0.682168140351143,"108/3708",2
"Environmental Information Processing","Signal transduction","hsa04370","VEGF signaling pathway","1/101","60/9397",0.47817999741119,0.732999601294784,0.682168140351143,"5321",1
"Metabolism","Lipid metabolism","hsa00140","Steroid hormone biosynthesis","1/101","63/9397",0.494933117278059,0.744894027695234,0.693237721731278,"8630",1
"Metabolism","Lipid metabolism","hsa00590","Arachidonic acid metabolism","1/101","63/9397",0.494933117278059,0.744894027695234,0.693237721731278,"5321",1
"Metabolism","Global and overview maps","hsa01240","Biosynthesis of cofactors","2/101","154/9397",0.495530361771508,0.744894027695234,0.693237721731278,"8630/4830",2
"Human Diseases","Endocrine and metabolic disease","hsa04934","Cushing syndrome","2/101","155/9397",0.49896768183448,0.74525301197073,0.693571811456835,"108/3708",2
"Cellular Processes","Transport and catabolism","hsa04148","Efferocytosis","2/101","157/9397",0.505798021441964,0.745892018961884,0.694166505110224,"384/5732",2
"Cellular Processes","Cell growth and death","hsa04218","Cellular senescence","2/101","157/9397",0.505798021441964,0.745892018961884,0.694166505110224,"891/3708",2
"Human Diseases","Infectious disease: bacterial","hsa05132","Salmonella infection","3/101","251/9397",0.509048043237689,0.745963484744538,0.694233014941833,"113146/3725/8743",3
"Human Diseases","Infectious disease: viral","hsa05160","Hepatitis C","2/101","159/9397",0.512568759841284,0.746428256518869,0.694665556100687,"8837/7122",2
"Organismal Systems","Nervous system","hsa04720","Long-term potentiation","1/101","67/9397",0.516444870990297,0.747401583482853,0.695571385576994,"3708",1
"Human Diseases","Cancer: specific types","hsa05221","Acute myeloid leukemia","1/101","68/9397",0.521679497788795,0.749296030138766,0.69733445768505,"7704",1
"Human Diseases","Substance dependence","hsa05031","Amphetamine addiction","1/101","69/9397",0.526858013248472,0.749296030138766,0.69733445768505,"3725",1
"Organismal Systems","Endocrine system","hsa04920","Adipocytokine signaling pathway","1/101","70/9397",0.531981012890614,0.749296030138766,0.69733445768505,"51703",1
"Human Diseases","Cancer: specific types","hsa05211","Renal cell carcinoma","1/101","70/9397",0.531981012890614,0.749296030138766,0.69733445768505,"3725",1
"Organismal Systems","Endocrine system","hsa04917","Prolactin signaling pathway","1/101","71/9397",0.537049085979287,0.749296030138766,0.69733445768505,"5617",1
"Human Diseases","Infectious disease: bacterial","hsa05120","Epithelial cell signaling in Helicobacter pylori infection","1/101","71/9397",0.537049085979287,0.749296030138766,0.69733445768505,"3725",1
"Cellular Processes","Transport and catabolism","hsa04140","Autophagy - animal","2/101","169/9397",0.545509431103336,0.754179333886957,0.701879118051561,"8837/3708",2
"Human Diseases","Cancer: specific types","hsa05218","Melanoma","1/101","73/9397",0.547022778656205,0.754179333886957,0.701879118051561,"4286",1
"Human Diseases","Drug resistance: antineoplastic","hsa01524","Platinum drug resistance","1/101","75/9397",0.55678368270376,0.76049812571497,0.707759719436565,"5366",1
"Human Diseases","Infectious disease: viral","hsa05164","Influenza A","2/101","173/9397",0.558251527181716,0.76049812571497,0.707759719436565,"3113/8743",2
"Environmental Information Processing","Signal transduction","hsa04310","Wnt signaling pathway","2/101","174/9397",0.561397758038518,0.76049812571497,0.707759719436565,"25805/3725",2
"Human Diseases","Infectious disease: bacterial","hsa05133","Pertussis","1/101","78/9397",0.571035868028586,0.769082989888211,0.715749247422505,"3725",1
"Metabolism","Xenobiotics biodegradation and metabolism","hsa00983","Drug metabolism - other enzymes","1/101","81/9397",0.58483414891199,0.778664895408536,0.724666674742075,"4830",1
"Organismal Systems","Immune system","hsa04612","Antigen processing and presentation","1/101","81/9397",0.58483414891199,0.778664895408536,0.724666674742075,"3113",1
"Organismal Systems","Immune system","hsa04621","NOD-like receptor signaling pathway","2/101","189/9397",0.606686339268162,0.794898125898095,0.739774176349707,"3708/3725",2
"Environmental Information Processing","Signal transduction","hsa04012","ErbB signaling pathway","1/101","86/9397",0.60686128729389,0.794898125898095,0.739774176349707,"3725",1
"Organismal Systems","Circulatory system","hsa04260","Cardiac muscle contraction","1/101","87/9397",0.611125814195761,0.794898125898095,0.739774176349707,"783",1
"Environmental Information Processing","Signaling molecules and interaction","hsa04512","ECM-receptor interaction","1/101","89/9397",0.61951793751595,0.794898125898095,0.739774176349707,"1287",1
"Organismal Systems","Digestive system","hsa04976","Bile secretion","1/101","90/9397",0.623646503084374,0.794898125898095,0.739774176349707,"108",1
"Human Diseases","Cancer: overview","hsa05235","PD-L1 expression and PD-1 checkpoint pathway in cancer","1/101","90/9397",0.623646503084374,0.794898125898095,0.739774176349707,"3725",1
"Human Diseases","Infectious disease: viral","hsa05167","Kaposi sarcoma-associated herpesvirus infection","2/101","196/9397",0.626593405192721,0.794898125898095,0.739774176349707,"3708/3725",2
"Organismal Systems","Immune system","hsa04662","B cell receptor signaling pathway","1/101","91/9397",0.627730708863732,0.794898125898095,0.739774176349707,"3725",1
"Human Diseases","Substance dependence","hsa05032","Morphine addiction","1/101","91/9397",0.627730708863732,0.794898125898095,0.739774176349707,"108",1
"Cellular Processes","Cellular community - eukaryotes","hsa04520","Adherens junction","1/101","93/9397",0.635767923735674,0.800723925569795,0.745195973198002,"10580",1
"Organismal Systems","Immune system","hsa04657","IL-17 signaling pathway","1/101","95/9397",0.643633298101293,0.802610623649911,0.746951834072201,"3725",1
"Human Diseases","Infectious disease: viral","hsa05169","Epstein-Barr virus infection","2/101","204/9397",0.648391031158603,0.802610623649911,0.746951834072201,"3113/3725",2
"Human Diseases","Cancer: overview","hsa05203","Viral carcinogenesis","2/101","205/9397",0.651044668969241,0.802610623649911,0.746951834072201,"3725/5366",2
"Human Diseases","Cardiovascular disease","hsa05415","Diabetic cardiomyopathy","2/101","205/9397",0.651044668969241,0.802610623649911,0.746951834072201,"5166/5350",2
"Environmental Information Processing","Signal transduction","hsa04070","Phosphatidylinositol signaling system","1/101","98/9397",0.655117096130652,0.803380438939168,0.74766826483609,"3708",1
"Organismal Systems","Immune system","hsa04640","Hematopoietic cell lineage","1/101","100/9397",0.662568619495035,0.808264336870907,0.752213478181192,"3113",1
"Human Diseases","Cancer: overview","hsa05207","Chemical carcinogenesis - receptor activation","2/101","217/9397",0.681671465194911,0.825737520912692,0.768474946049309,"108/3725",2
"Human Diseases","Cancer: specific types","hsa05215","Prostate cancer","1/101","106/9397",0.683980006592916,0.825737520912692,0.768474946049309,"6935",1
"Organismal Systems","Immune system","hsa04620","Toll-like receptor signaling pathway","1/101","109/9397",0.694175571968389,0.833424489423323,0.775628844911699,"3725",1
"Environmental Information Processing","Signal transduction","hsa04066","HIF-1 signaling pathway","1/101","110/9397",0.697501182135399,0.833424489423323,0.775628844911699,"2321",1
"Human Diseases","Infectious disease: parasitic","hsa05145","Toxoplasmosis","1/101","112/9397",0.704045356324581,0.834433417837296,0.77656780697756,"3113",1
"Human Diseases","Cancer: overview","hsa05208","Chemical carcinogenesis - reactive oxygen species","2/101","227/9397",0.705508082892477,0.834433417837296,0.77656780697756,"3725/50507",2
"Organismal Systems","Immune system","hsa04670","Leukocyte transendothelial migration","1/101","116/9397",0.716716069548671,0.838565709406548,0.780413535747679,"7122",1
"Metabolism","Global and overview maps","hsa01200","Carbon metabolism","1/101","117/9397",0.719798892194462,0.838565709406548,0.780413535747679,"3418",1
"Genetic Information Processing","Chromosome","hsa03082","ATP-dependent chromatin remodeling","1/101","117/9397",0.719798892194462,0.838565709406548,0.780413535747679,"6595",1
"Environmental Information Processing","Signal transduction","hsa04152","AMPK signaling pathway","1/101","122/9397",0.734721737094562,0.847476063084321,0.788705981456382,"6319",1
"Organismal Systems","Immune system","hsa04660","T cell receptor signaling pathway","1/101","122/9397",0.734721737094562,0.847476063084321,0.788705981456382,"3725",1
"Environmental Information Processing","Signal transduction","hsa04151","PI3K-Akt signaling pathway","3/101","362/9397",0.752749333109181,0.863993076918419,0.804077586831689,"1287/2321/5617",3
"Human Diseases","Infectious disease: bacterial","hsa05131","Shigellosis","2/101","253/9397",0.760657802004654,0.865220136466174,0.805219553250652,"3708/3725",2
"Organismal Systems","Nervous system","hsa04728","Dopaminergic synapse","1/101","132/9397",0.762246660135165,0.865220136466174,0.805219553250652,"3708",1
"Organismal Systems","Immune system","hsa04650","Natural killer cell mediated cytotoxicity","1/101","134/9397",0.767402295971581,0.865220136466174,0.805219553250652,"8743",1
"Human Diseases","Neurodegenerative disease","hsa05022","Pathways of neurodegeneration - multiple diseases","4/101","483/9397",0.769808132539026,0.865220136466174,0.805219553250652,"2878/3708/4747/50507",4
"Organismal Systems","Endocrine system","hsa04910","Insulin signaling pathway","1/101","138/9397",0.777383774379334,0.865220136466174,0.805219553250652,"10580",1
"Human Diseases","Infectious disease: bacterial","hsa05135","Yersinia infection","1/101","138/9397",0.777383774379334,0.865220136466174,0.805219553250652,"3725",1
"Human Diseases","Infectious disease: viral","hsa05162","Measles","1/101","139/9397",0.779812140162646,0.865220136466174,0.805219553250652,"3725",1
"Cellular Processes","Cellular community - eukaryotes","hsa04550","Signaling pathways regulating pluripotency of stem cells","1/101","144/9397",0.79156608632343,0.869975934496978,0.809645550062694,"7044",1
"Human Diseases","Immune disease","hsa05322","Systemic lupus erythematosus","1/101","144/9397",0.79156608632343,0.869975934496978,0.809645550062694,"3113",1
"Human Diseases","Cancer: specific types","hsa05224","Breast cancer","1/101","148/9397",0.800520132227205,0.875686341826004,0.814959956702764,"3725",1
"Human Diseases","Neurodegenerative disease","hsa05020","Prion disease","2/101","278/9397",0.805118685373441,0.87660118547669,0.815811358519079,"1958/3708",2
"Environmental Information Processing","Signal transduction","hsa04390","Hippo signaling pathway","1/101","157/9397",0.819298072407871,0.883779865143676,0.822492216939676,"1490",1
"Human Diseases","Endocrine and metabolic disease","hsa04932","Non-alcoholic fatty liver disease","1/101","157/9397",0.819298072407871,0.883779865143676,0.822492216939676,"3725",1
"Cellular Processes","Transport and catabolism","hsa04145","Phagosome","1/101","159/9397",0.823227103521437,0.883925876131312,0.822628102475945,"3113",1
"Human Diseases","Infectious disease: viral","hsa05161","Hepatitis B","1/101","163/9397",0.830833163742996,0.888000583266597,0.826420240130648,"3725",1
"Environmental Information Processing","Signal transduction","hsa04630","JAK-STAT signaling pathway","1/101","168/9397",0.839886496150425,0.890973516198964,0.8291870085249,"5617",1
"Human Diseases","Cancer: specific types","hsa05225","Hepatocellular carcinoma","1/101","170/9397",0.843371996675486,0.890973516198964,0.8291870085249,"6595",1
"Genetic Information Processing","Folding, sorting and degradation","hsa04141","Protein processing in endoplasmic reticulum","1/101","171/9397",0.845086468154383,0.890973516198964,0.8291870085249,"1410",1
"Human Diseases","Neurodegenerative disease","hsa05016","Huntington disease","2/101","311/9397",0.852609431357835,0.894855844623313,0.832800108391247,"2878/3708",2
"Human Diseases","Infectious disease: bacterial","hsa05152","Tuberculosis","1/101","182/9397",0.862762016367116,0.89653642164446,0.834364142122245,"3113",1
"Human Diseases","Infectious disease: viral","hsa05168","Herpes simplex virus 1 infection","1/101","182/9397",0.862762016367116,0.89653642164446,0.834364142122245,"3113",1
"Organismal Systems","Development and regeneration","hsa04360","Axon guidance","1/101","184/9397",0.865754055236067,0.89653642164446,0.834364142122245,"7223",1
"Cellular Processes","Cell motility","hsa04814","Motor proteins","1/101","197/9397",0.883687952236808,0.911058818014054,0.847879451144771,"10112",1
"Human Diseases","Neurodegenerative disease","hsa05014","Amyotrophic lateral sclerosis","2/101","371/9397",0.913046766325171,0.937180161029802,0.872189352483122,"2878/4747",2
"Cellular Processes","Cell motility","hsa04810","Regulation of actin cytoskeleton","1/101","232/9397",0.92102012174369,0.939529341558307,0.874375623948549,"7074",1
"Human Diseases","Infectious disease: viral","hsa05171","Coronavirus disease - COVID-19","1/101","238/9397",0.926101929028708,0.939529341558307,0.874375623948549,"3725",1
"Human Diseases","Neurodegenerative disease","hsa05010","Alzheimer disease","2/101","391/9397",0.927432397246398,0.939529341558307,0.874375623948549,"3708/50507",2
"Cellular Processes","Transport and catabolism","hsa04144","Endocytosis","1/101","252/9397",0.93673484982318,0.944845108263208,0.879322757181933,"116984",1
"Human Diseases","Neurodegenerative disease","hsa05012","Parkinson disease","1/101","271/9397",0.948780685249666,0.952870257168846,0.886791384579997,"3708",1
"Human Diseases","Infectious disease: viral","hsa05165","Human papillomavirus infection","1/101","333/9397",0.974369306418581,0.974369306418581,0.906799535225786,"1287",1
